{"EM": 0.3225806451612903, "f1": 22.857484082896086, "top_n_accuracy": 93.76344086021506, "top_n": 4, "EM_text_answer": 0.3225806451612903, "f1_text_answer": 22.857484082896086, "top_n_accuracy_text_answer": 93.76344086021506, "top_n_EM_text_answer": 1.6129032258064515, "top_n_f1_text_answer": 55.91406956181508, "Total_text_answer": 930, "EM_no_answer": 0, "f1_no_answer": NaN, "top_n_accuracy_no_answer": NaN, "Total_no_answer": 0}