{"EM": 0.21505376344086022, "f1": 26.024205229795278, "top_n_accuracy": 93.33333333333333, "top_n": 4, "EM_text_answer": 0.21505376344086022, "f1_text_answer": 26.024205229795278, "top_n_accuracy_text_answer": 93.33333333333333, "top_n_EM_text_answer": 1.935483870967742, "top_n_f1_text_answer": 60.70766441286568, "Total_text_answer": 930, "EM_no_answer": 0, "f1_no_answer": NaN, "top_n_accuracy_no_answer": NaN, "Total_no_answer": 0}