{"EM": 0.43010752688172044, "f1": 28.08505179326812, "top_n_accuracy": 95.59139784946237, "top_n": 4, "EM_text_answer": 0.43010752688172044, "f1_text_answer": 28.08505179326812, "top_n_accuracy_text_answer": 95.59139784946237, "top_n_EM_text_answer": 0.8602150537634409, "top_n_f1_text_answer": 54.97198788796345, "Total_text_answer": 930, "EM_no_answer": 0, "f1_no_answer": NaN, "top_n_accuracy_no_answer": NaN, "Total_no_answer": 0}