{"EM": 0.0, "f1": 29.4365829685648, "top_n_accuracy": 93.87096774193549, "top_n": 4, "EM_text_answer": 0.0, "f1_text_answer": 29.4365829685648, "top_n_accuracy_text_answer": 93.87096774193549, "top_n_EM_text_answer": 1.6129032258064515, "top_n_f1_text_answer": 59.574073137399886, "Total_text_answer": 930, "EM_no_answer": 0, "f1_no_answer": NaN, "top_n_accuracy_no_answer": NaN, "Total_no_answer": 0}