{"EM": 0.43010752688172044, "f1": 26.78842267121092, "top_n_accuracy": 92.90322580645162, "top_n": 4, "EM_text_answer": 0.43010752688172044, "f1_text_answer": 26.78842267121092, "top_n_accuracy_text_answer": 92.90322580645162, "top_n_EM_text_answer": 1.2903225806451613, "top_n_f1_text_answer": 58.157160933739526, "Total_text_answer": 930, "EM_no_answer": 0, "f1_no_answer": NaN, "top_n_accuracy_no_answer": NaN, "Total_no_answer": 0}