{"EM": 0.3225806451612903, "f1": 19.990153306570217, "top_n_accuracy": 93.2258064516129, "top_n": 4, "EM_text_answer": 0.3225806451612903, "f1_text_answer": 19.990153306570217, "top_n_accuracy_text_answer": 93.2258064516129, "top_n_EM_text_answer": 1.0752688172043012, "top_n_f1_text_answer": 53.62720823220732, "Total_text_answer": 930, "EM_no_answer": 0, "f1_no_answer": NaN, "top_n_accuracy_no_answer": NaN, "Total_no_answer": 0}