{"EM": 0.6458557588805167, "f1": 22.311642335749475, "top_n_accuracy": 91.49623250807319, "top_n": 4, "EM_text_answer": 0.6458557588805167, "f1_text_answer": 22.311642335749475, "top_n_accuracy_text_answer": 91.49623250807319, "top_n_EM_text_answer": 1.5069967707212055, "top_n_f1_text_answer": 54.83723872565329, "Total_text_answer": 929, "EM_no_answer": 0, "f1_no_answer": NaN, "top_n_accuracy_no_answer": NaN, "Total_no_answer": 0}