{"EM": 0.32292787944025836, "f1": 25.18660648043661, "top_n_accuracy": 92.35737351991389, "top_n": 4, "EM_text_answer": 0.32292787944025836, "f1_text_answer": 25.18660648043661, "top_n_accuracy_text_answer": 92.35737351991389, "top_n_EM_text_answer": 1.2917115177610334, "top_n_f1_text_answer": 60.24568385624707, "Total_text_answer": 929, "EM_no_answer": 0, "f1_no_answer": NaN, "top_n_accuracy_no_answer": NaN, "Total_no_answer": 0}