{"EM": 0.9687836383207751, "f1": 37.94475475727654, "top_n_accuracy": 90.41980624327233, "top_n": 4, "EM_text_answer": 0.9687836383207751, "f1_text_answer": 37.94475475727654, "top_n_accuracy_text_answer": 90.41980624327233, "top_n_EM_text_answer": 3.229278794402583, "top_n_f1_text_answer": 62.26129232133174, "Total_text_answer": 929, "EM_no_answer": 0, "f1_no_answer": NaN, "top_n_accuracy_no_answer": NaN, "Total_no_answer": 0}