{"EM": 0.32292787944025836, "f1": 29.55668209892655, "top_n_accuracy": 93.32615715823465, "top_n": 4, "EM_text_answer": 0.32292787944025836, "f1_text_answer": 29.55668209892655, "top_n_accuracy_text_answer": 93.32615715823465, "top_n_EM_text_answer": 2.2604951560818085, "top_n_f1_text_answer": 61.02161443258641, "Total_text_answer": 929, "EM_no_answer": 0, "f1_no_answer": NaN, "top_n_accuracy_no_answer": NaN, "Total_no_answer": 0}