{"EM": 0.2152852529601722, "f1": 26.323769221152894, "top_n_accuracy": 93.54144241119484, "top_n": 4, "EM_text_answer": 0.2152852529601722, "f1_text_answer": 26.323769221152894, "top_n_accuracy_text_answer": 93.54144241119484, "top_n_EM_text_answer": 1.2917115177610334, "top_n_f1_text_answer": 53.40080687076845, "Total_text_answer": 929, "EM_no_answer": 0, "f1_no_answer": NaN, "top_n_accuracy_no_answer": NaN, "Total_no_answer": 0}