{"EM": 0.4305705059203444, "f1": 29.717090696531105, "top_n_accuracy": 94.6178686759957, "top_n": 4, "EM_text_answer": 0.4305705059203444, "f1_text_answer": 29.717090696531105, "top_n_accuracy_text_answer": 94.6178686759957, "top_n_EM_text_answer": 1.7222820236813776, "top_n_f1_text_answer": 60.4984346625973, "Total_text_answer": 929, "EM_no_answer": 0, "f1_no_answer": NaN, "top_n_accuracy_no_answer": NaN, "Total_no_answer": 0}