{"EM": 0.1076426264800861, "f1": 25.62476236191012, "top_n_accuracy": 93.43379978471475, "top_n": 4, "EM_text_answer": 0.1076426264800861, "f1_text_answer": 25.62476236191012, "top_n_accuracy_text_answer": 93.43379978471475, "top_n_EM_text_answer": 0.7534983853606028, "top_n_f1_text_answer": 58.35603087636025, "Total_text_answer": 929, "EM_no_answer": 0, "f1_no_answer": NaN, "top_n_accuracy_no_answer": NaN, "Total_no_answer": 0}