{"EM": 0.2152852529601722, "f1": 20.355896250936304, "top_n_accuracy": 93.64908503767492, "top_n": 4, "EM_text_answer": 0.2152852529601722, "f1_text_answer": 20.355896250936304, "top_n_accuracy_text_answer": 93.64908503767492, "top_n_EM_text_answer": 0.8611410118406888, "top_n_f1_text_answer": 53.126433769872335, "Total_text_answer": 929, "EM_no_answer": 0, "f1_no_answer": NaN, "top_n_accuracy_no_answer": NaN, "Total_no_answer": 0}